date,day_week,special_event,6_week_lun,6_week_din,lun_ly,din_ly,din_2y,pred_lunch,pred_din,lunch_sales,dinner_sales,guest_count_lunch,guest_count_dinner,ppl_res_lun,ppl_res_din,temp_avg
1/1/2018,Monday,,,,130,127,,,,,,,122,,,
1/2/2018,Tuesday,,,,62,144,,,,,,,142,,,
1/3/2018,Wednesday,,,,47,138,,,,,,,173,,,
1/4/2018,Thursday,,,,55,205,,,,,,,289,,,
1/5/2018,Friday,,,,101,328,,,,,,,287,,,
1/6/2018,Saturday,,,,,,,,,,,,234,,,
1/7/2018,Sunday,,,,,121,,,,,,,144,,,
1/8/2018,Monday,,,,58,184,,,,,,,131,,,
1/9/2018,Tuesday,,,,67,211,,,,,,,143,,,
1/10/2018,Wednesday,,,,52,167,,,,,,,197,,,
1/11/2018,Thursday,,,,81,212,,,,,,,374,,,
1/12/2018,Friday,,,,91,362,,,,,,,358,,,
1/13/2018,Saturday,,,,170,420,,,,,,,281,,,
1/14/2018,Sunday,,,,105,320,,,,,,,209,,,
1/15/2018,Monday,,,,97,253,,,,,,,171,,,
1/16/2018,Tuesday,,,,63,138,,,,,,,154,,,
1/17/2018,Wednesday,,,,54,159,,,,,,,186,,,
1/18/2018,Thursday,,,,64,165,,,,,,,347,,,
1/19/2018,Friday,,,,79,400,,,,,,,331,,,
1/20/2018,Saturday,,,,123,447,,,,,,,184,,,
1/21/2018,Sunday,,,,142,277,,,,,,,151,,,
1/22/2018,Monday,,,,65,129,,,,,,,120,,,
1/23/2018,Tuesday,,,,73,163,,,,,,,146,,,
1/24/2018,Wednesday,,,,67,180,,,,,,,187,,,
1/25/2018,Thursday,,,,96,209,,,,,,,342,,,
1/26/2018,Friday,,,,83,390,,,,,,,464,,,
1/27/2018,Saturday,,,,160,423,,,,,,,260,,,
1/28/2018,Sunday,,,,191,272,,,,,,,166,,,
1/29/2018,Monday,,,,67,194,,,,,,,150,,,
1/30/2018,Tuesday,,,,60,185,,,,,,,168,,,
1/31/2018,Wednesday,,,,59,185,,,,,,,209,,,
2/1/2018,Thursday,,,,70,155,,,,,,,362,,,
2/2/2018,Friday,,,,67,344,,,,,,,395,,,
2/3/2018,Saturday,,,,167,394,,,,,,,217,,,
2/4/2018,Sunday,,,,96,131,,,,,,,136,,,
2/5/2018,Monday,,,,58,207,,,,,,,97,,,
2/6/2018,Tuesday,,,,32,165,,,,,,,202,,,
2/7/2018,Wednesday,,,,49,171,,,,,,,214,,,
2/8/2018,Thursday,,,,78,190,,,,,,,356,,,
2/9/2018,Friday,,,,94,399,,,,,,,328,,,
2/10/2018,Saturday,,,,129,485,,,,,,,248,,,
2/11/2018,Sunday,,,,154,433,,,,,,,237,,,
2/12/2018,Monday,,,,79,221,,,,,,,298,,,
2/13/2018,Tuesday,,,,148,471,,,,,,,497,,,
2/14/2018,Wednesday,,,,67,232,,,,,,,183,,,
2/15/2018,Thursday,,,,71,207,,,,,,,338,,,
2/16/2018,Friday,,,,113,334,,,,,,,463,,,
2/17/2018,Saturday,,,,114,383,,,,,,,358,,,
2/18/2018,Sunday,,,,173,442,,,,,,,204,,,
2/19/2018,Monday,,,,95,161,,,,,,,143,,,
2/20/2018,Tuesday,,,,65,126,,,,,,,199,,,
2/21/2018,Wednesday,,,,34,144,,,,,,,299,,,
2/22/2018,Thursday,,,,48,214,,,,,,,461,,,
2/23/2018,Friday,,,,102,369,,,,,,,490,,,
2/24/2018,Saturday,,,,90,368,,,,,,,267,,,
2/25/2018,Sunday,,,,178,324,,,,,,,130,,,
2/26/2018,Monday,,,,46,162,,,,,,,172,,,
2/27/2018,Tuesday,,,,87,178,,,,,,,167,,,
2/28/2018,Wednesday,,,,104,171,,,,,,,179,,,
3/1/2018,Thursday,,53,213,67,236,,60,200,717.63,3230.13,56,179,28,10,42
3/2/2018,Friday,OSU Baseball @ 4,68,351,99,410,,75,350,1310.86,6354.11,96,332,11,76,44
3/3/2018,Saturday,OSU Baseball @1 & 4,114,412,121,494,,100,350,1998.41,5949.01,115,324,33,61,41
3/4/2018,Sunday,Oscars/ OSU Baseball @ 12,103,256,207,286,,100,250,1998.86,4284.01,128,243,29,23,40
3/5/2018,Monday,,61,184,37,143,,45,145,799.11,2558.84,55,136,7,16,47
3/6/2018,Tuesday,OSU Baseball @ 5,53,163,77,152,,55,160,1091.28,3451.37,51,191,40,10,43
3/7/2018,Wednesday,,69,239,70,222,,60,200,878.44,3579.78,63,199,0,46,43
3/8/2018,Thursday,,53,213,103,235,,60,200,1164.24,3725.69,86,191,12,43,47
3/9/2018,Friday,OSU Baseball @ 5:30,68,351,111,412,,75,400,1329.27,7260.24,95,399,0,124,49
3/10/2018,Saturday,Swim Meet/ OSU BASEBALL @ 1,114,412,44,375,,100,400,1963.26,8376.89,93,488,18,131,46
3/11/2018,Sunday,Swim Meet/ OSU BASEBALL @ 12/ THC Fair,103,256,111,274,,100,270,1160.23,5558.92,77,313,8,24,53
3/12/2018,Monday,THC Fair,61,184,89,143,,55,150,639.91,3208.47,45,180,3,4,54
3/13/2018,Tuesday,,53,163,47,142,,55,175,608.8,3754.14,38,213,2,27,51
3/14/2018,Wednesday,,69,239,71,186,,55,175,505.91,2985.44,40,165,0,22,46
3/15/2018,Thursday,,53,213,64,188,,60,185,885.42,3986.02,64,211,0,25,45
3/16/2018,Friday,St. Patrick's Day,68,351,92,342,,75,350,774.33,5966.81,49,337,0,25,44
3/17/2018,Saturday,We got slammed at 4 because of this Winterail-Railroad Photography & Railroadiana Show and Sale. Corvallis High School Almost 200 guests in 2 hours.,114,412,91,432,,100,350,958.5,7449.03,64,405,0,115,46
3/18/2018,Sunday,,103,256,147,284,,100,250,1893.65,5338.29,107,263,0,33,45
3/19/2018,Monday,OSU Finals Week,61,184,60,163,,50,150,846.08,2838.41,52,161,3,3,45
3/20/2018,Tuesday,OSU Finals Week,53,163,85,182,,50,150,1187.65,3257.92,91,194,0,7,45
3/21/2018,Wednesday,OSU Finals Week,69,239,62,203,,50,160,979.77,2992.5,75,168,,,48
3/22/2018,Thursday,OSU Finals Week,53,213,99,254,,55,170,805,4681.79,72,223,0,23,43
3/23/2018,Friday,OSU Finals Week/ OSU Baseball @ 7,68,351,54,330,,60,350,757.27,5199.74,54,292,0,54,39
3/24/2018,Saturday,OSU Baseball @ 1:30,114,412,51,340,,60,300,1561.17,5155.16,88,280,8,53,41
3/25/2018,Sunday,OSU BASEBALL @ 3,103,256,91,324,,90,300,1925.61,5147.94,120,296,8,68,46
3/26/2018,Monday,OSU Spring Break,61,184,59,155,,50,150,805.76,3068.89,61,168,0,18,43
3/27/2018,Tuesday,OSU Spring Break,53,163,73,199,,50,150,951.08,2874.06,74,168,0,15,52
3/28/2018,Wednesday,OSU Spring Break,69,239,70,188,,50,150,960.3,3490.8,67,210,0,20,51
3/29/2018,Thursday,OSU Spring Break,53,213,81,206,,55,170,974.97,3849.31,79,226,0,53,49
3/30/2018,Friday,OSU Spring Break,68,351,76,344,,70,375,1289.51,4616.59,91,264,0,41,50
3/31/2018,Saturday,OSU Spring Break,114,412,81,308,,60,300,1435.12,4795.98,83,274,15,28,55
4/1/2018,Sunday,Easter Sunday,103,256,114,239,,160,210,,,178,243,82,49,44
4/2/2018,Monday,OSU Baseball 6:35 pm,61,184,42,145,,50,160,,,40,154,0,11,45
4/3/2018,Tuesday,OSU Baseball 5:35pm,53,163,43,274,,50,170,,,65,150,2,20,44
4/4/2018,Wednesday,,61,190,40,177,,50,180,,,37,219,2,11,55
4/5/2018,Thursday,,53,213,83,203,,70,200,,,44,208,0,31,51
4/6/2018,Friday,OSU Softball/,68,351,107,385,,90,375,,,80,351,17,93,63
4/7/2018,Saturday,OSU Softball TBD,114,412,78,413,,100,425,,,77,323,5,81,55
4/8/2018,Sunday,OSU Softball 12:00pm,103,256,106,304,,110,260,,,128,286,6,13,52
4/9/2018,Monday,,61,184,67,216,,55,160,,,79,144,20,15,53
4/10/2018,Tuesday,,53,163,61,228,,55,170,,,45,192,20,43,57
4/11/2018,Wednesday,,61,190,49,204,,55,170,,,60,181,0,22,52
4/12/2018,Thursday,,53,213,79,242,,60,200,,,83,208,8,16,46
4/13/2018,Friday,,68,351,64,325,,70,350,,,74,400,0,81,51
4/14/2018,Saturday,1st Saturday Market,114,412,83,331,,100,350,,,73,411,0,122,55
4/15/2018,Sunday,(Last Year Easter),103,256,136,205,,100,260,,,138,279,4,25,49
4/16/2018,Monday,,61,184,53,120,,50,160,,,53,180,0,31,46
4/17/2018,Tuesday,OSU Softball 1:00pm,53,163,61,150,,60,160,,,49,223,0,34,49
4/18/2018,Wednesday,,61,190,56,194,,60,190,,,45,174,0,12,51
4/19/2018,Thursday,OSU Baseball (Civil War) 6:00pm,53,213,85,261,,70,200,,,73,221,7,22,52
4/20/2018,Friday,Swim Meet/ OSU Baseball (Civil War)4:00pm/OSU Softball 2:00pm/E&M school early release,68,351,59,367,,100,400,,,59,423,0,80,53
4/21/2018,Saturday,Swim Meet/ OSU Baseball (Civil War)4:00pm/OSU Softball 12:00pm/Saturday Market,114,412,91,448,,120,450,,,102,359,4,151,56
4/22/2018,Sunday,,103,256,140,283,,140,280,,,108,266,0,45,52
4/23/2018,Monday,,61,184,55,181,,60,175,,,39,145,0,25,59
4/24/2018,Tuesday,,53,163,73,249,,60,175,,,46,84,0,14,62
4/25/2018,Wednesday,,61,190,74,231,,60,180,,,60,136,0,14,65
4/26/2018,Thursday,,53,213,65,212,,60,200,,,44,235,0,6,63
4/27/2018,Friday,OSU Baseball 5:35pm/OSU Track and Field all day,68,351,99,386,,80,390,,,194,331,0,49,52
4/28/2018,Saturday,OSU Baseball 3:05pm/OSU Track and Field all day/Saturday Market,114,412,86,479,,100,450,,,91,463,2,124,53
4/29/2018,Sunday,OSU Baseball 1:05pm,103,256,77,297,,100,280,,,158,230,23,7,54
4/30/2018,Monday,,61,184,34,166,,50,170,,,51,175,0,11,52
5/1/2018,Tuesday,,53,163,52,167,,50,160,,,76,153,16,65,53
5/2/2018,Wednesday,,61,190,44,163,,50,160,,,66,140,29,15,56
5/3/2018,Thursday,,53,213,51,255,,50,220,,,43,204,0,47,60
5/4/2018,Friday,OSU MOMS weekend /(Last year OSU mom's),68,351,70,445,,70,450,,,70,475,0,170,59
5/5/2018,Saturday,OSU MOMS weekend/(Last year OSU mom's),114,412,155,536,,160,550,,,118,576,0,185,62
5/6/2018,Sunday,OSU MOMS weekend/(Last year OSU mom's),103,256,126,301,,130,300,,,92,366,0,98,64
5/7/2018,Monday,,55,177,38,117,,40,120,,,36,168,0,19,64
5/8/2018,Tuesday,,53,163,55,194,,50,160,,,65,179,2,17,61
5/9/2018,Wednesday,,61,190,60,224,,60,200,,,51,213,0,19,58
5/10/2018,Thursday,,53,213,71,215,,70,200,,,60,278,7,114,58
5/11/2018,Friday,OSU Baseball 7pm/Willamte VB/(Last year VB tournament ),68,351,101,444,,100,450,,,107,463,0,88,58
5/12/2018,Saturday,"OSU Baseball 2pm/Willamte VB/(LY VB, LY CHS PROM)",114,412,162,494,,160,500,,,178,555,56,329,65
5/13/2018,Sunday,"OSU Baseball 12pm/Willamte VB/Mothers Day (LY mothhers day,LY VB)",103,256,316,501,,300,500,,,291,449,87,143,70
5/14/2018,Monday,OSU Baseball 5:35pm,55,177,62,184,,40,150,,,42,266,0,56,69
5/15/2018,Tuesday,OSU Baseball 5:30pm,53,163,74,138,,50,150,,,45,206,5,24,62
5/16/2018,Wednesday,,61,190,53,181,,60,220,,,49,207,0,45,61
5/17/2018,Thursday,ly nice day,53,213,71,325,,70,200,,,60,222,12,12,62
5/18/2018,Friday,Swim Meet,68,351,98,412,,100,450,,,38,351,0,62,59
5/19/2018,Saturday,Swim Meet,114,412,85,378,,100,425,,,115,410,42,102,60
5/20/2018,Sunday,Swim Meet,103,256,120,294,,100,280,,,131,237,28,3,59
5/21/2018,Monday,,55,177,67,153,,40,150,,,57,133,0,17,61
5/22/2018,Tuesday,,53,163,35,192,,50,160,,,62,170,22,30,68
5/23/2018,Wednesday,,61,190,34,212,,50,200,,,50,210,0,63,65
5/24/2018,Thursday,OSU Baseball 4pm,53,213,85,243,,60,190,,,66,237,0,13,65
5/25/2018,Friday,OSU Baseball 4pm,68,351,54,311,,70,300,,,78,331,0,53,63
5/26/2018,Saturday,OSU Baseball 2pm(ly start of memorial day),114,412,59,262,,60,250,,,72,364,0,80,57
5/27/2018,Sunday,,103,256,108,247,,100,250,,,115,263,10,11,62
5/28/2018,Monday,Memorial Day (ly memoral day),55,177,192,208,,120,200,,,63,204,0,20,63
5/29/2018,Tuesday,,53,163,46,189,,50,160,,,57,178,15,9,60
5/30/2018,Wednesday,Corvallis Knights first game 10am(ly BQ),61,190,52,247,,50,170,,,48,156,7,28,55
5/31/2018,Thursday,,53,213,78,273,,60,190,,,66,198,23,22,58
6/1/2018,Friday,ly osu regionals,68,351,124,393,,70,350,,,75,354,4,53,59
6/2/2018,Saturday,ly osu regionals,114,412,133,463,,100,400,,,147,325,50,117,65
6/3/2018,Sunday,,103,256,69,253,,100,250,,,120,286,6,18,63
6/4/2018,Monday,,55,177,66,168,,50,150,,,40,199,0,50,62
6/5/2018,Tuesday,,53,163,57,192,,50,150,,,49,233,11,80,59
6/6/2018,Wednesday,,61,190,75,157,,60,160,,,37,223,0,37,62
6/7/2018,Thursday,,53,213,87,258,,60,180,,,42,229,12,45,63
6/8/2018,Friday,CHS and CV Graduation,68,351,135,347,,80,350,,,83,382,0,43,61
6/9/2018,Saturday,,114,412,117,439,,100,400,,,91,360,14,95,56
6/10/2018,Sunday,,103,256,97,267,,100,250,,,124,302,8,38,54
6/11/2018,Monday,last year cv chs grad,55,177,87,183,,50,170,,,32,177,,,62
6/12/2018,Tuesday,ly grad week,53,163,70,210,,60,180,,,69,211,0,35,64
6/13/2018,Wednesday,ly grad week,61,190,66,279,,60,240,,,85,202,34,54,59
6/14/2018,Thursday,ly grad week,53,213,88,336,,80,300,,,76,344,14,111,62
6/15/2018,Friday,ly grad week,68,351,182,487,,180,480,,,102,541,18,190,64
6/16/2018,Saturday,OSU Graduation/ly osu grad,114,412,131,343,,120,340,,,219,375,103,195,66
6/17/2018,Sunday,Fathers Day/ly fathers day,103,256,195,362,,200,350,,,176,350,36,121,72
6/18/2018,Monday,,55,177,48,210,,50,170,,,70,210,0,12,71
6/19/2018,Tuesday,,53,163,53,172,,50,170,,,42,218,10,18,73
6/20/2018,Wednesday,,61,190,68,209,,60,180,,,63,126,9,19,74
6/21/2018,Thursday,,53,213,74,280,,60,190,,,50,189,0,85,68
6/22/2018,Friday,,68,351,89,258,,70,250,,,74,252,0,35,69
6/23/2018,Saturday,first  Corvallis summer weekend = slow,114,412,69,281,,70,250,,,61,255,0,28,69
6/24/2018,Sunday,,103,256,44,253,,50,250,,,72,259,5,7,74
6/25/2018,Monday,,55,177,45,202,,50,170,,,63,146,0,14,66
6/26/2018,Tuesday,,53,163,63,230,,50,180,,,55,162,0,14,61
6/27/2018,Wednesday,,61,190,111,181,,60,180,,,43,151,,,64
6/28/2018,Thursday,,53,213,68,221,,60,200,,,69,211,0,15,65
6/29/2018,Friday,,68,351,85,247,,70,250,,,79,381,6,94,67
6/30/2018,Saturday,,114,412,78,330,,80,300,,,69,294,0,28,69
7/1/2018,Sunday,,103,256,88,300,,80,280,,,79,215,0,35,72
7/2/2018,Monday,,55,177,109,215,,60,180,,,56,258,0,63,63
7/3/2018,Tuesday,ly 4th of july,53,163,0,0,,50,160,,,67,173,0,44,62
7/4/2018,Wednesday,Independence day,61,190,39,229,,0,0,,,46,163,0,65,67
7/5/2018,Thursday,,53,213,72,166,,50,180,,,56,166,0,10,71
7/6/2018,Friday,,68,351,43,341,,50,330,,,70,245,0,45,68
7/7/2018,Saturday,ly special olympics,114,412,94,353,,90,340,,,47,269,0,37,67
7/8/2018,Sunday,ly special olympics,103,256,81,221,,90,220,,,80,227,0,29,70
7/9/2018,Monday,,55,177,66,200,,60,180,,,81,182,25,22,61
7/10/2018,Tuesday,,53,163,75,196,,60,190,,,59,183,0,13,68
7/11/2018,Wednesday,,61,190,69,222,,60,200,,,52,237,6,15,73
7/12/2018,Thursday,,53,213,43,251,,60,220,,,81,187,0,26,81
7/13/2018,Friday,,68,351,54,366,,60,350,,,92,316,8,94,78
7/14/2018,Saturday,,114,412,61,300,,60,280,,,51,305,0,48,77
7/15/2018,Sunday,,103,256,126,273,,100,250,,,76,226,2,6,79
7/16/2018,Monday,,55,177,45,204,,50,160,,,60,172,16,16,80
7/17/2018,Tuesday,,53,163,74,177,,50,160,,,57,200,2,40,76
7/18/2018,Wednesday,,61,190,56,231,,50,180,,,52,232,0,27,73
7/19/2018,Thursday,,53,213,85,212,,60,180,,,66,212,0,42,67
7/20/2018,Friday,,68,351,79,258,,70,250,,,59,297,3,36,66
7/21/2018,Saturday,,114,412,71,348,,70,350,,,109,298,0,64,67
7/22/2018,Sunday,,103,256,56,294,,50,300,,,117,272,0,31,73
7/23/2018,Monday,ly last day of hs bball tourny,55,177,68,205,,50,160,,,54,143,0,7,77
7/24/2018,Tuesday,,53,163,55,194,,55,160,,,70,182,0,37,78
7/25/2018,Wednesday,,61,190,50,229,,60,180,,,84,178,,,78
7/26/2018,Thursday,,53,213,67,272,,60,200,,,59,194,0,37,79
7/27/2018,Friday,,68,351,80,333,,75,325,,,75,261,4,4,75
7/28/2018,Saturday,,114,412,80,350,,75,325,,,64,253,12,23,73
7/29/2018,Sunday,,103,256,67,260,,60,250,,,117,245,6,19,80
7/30/2018,Monday,,55,177,69,183,,50,160,,,38,218,0,21,77
7/31/2018,Tuesday,,53,163,78,211,,60,175,,,71,199,0,53,75
8/1/2018,Wednesday,,54,176,66,216,,65,200,,,81,213,11,23,73
8/2/2018,Thursday,,62,195,85,207,,65,200,,,102,224,46,18,65
8/3/2018,Friday,100 degrees F LY,75,293,54,338,,60,300,,,39,328,0,75,69
8/4/2018,Saturday,,64,282,53,na,,60,350,,,49,314,0,34,71
8/5/2018,Sunday,,86,245,111,178,,100,150,,,93,254,8,48,72
8/6/2018,Monday,,63,186,57,193,,60,200,,,46,329,20,38,75
8/7/2018,Tuesday,,54,191,116,210,,60,200,,,59,195,20,34,77
8/8/2018,Wednesday,,54,176,60,188,,65,200,,,69,188,2,27,78
8/9/2018,Thursday,,62,195,77,260,,65,200,,,79,206,0,13,77
8/10/2018,Friday,,75,293,87,259,,60,300,,,71,331,0,50,76
8/11/2018,Saturday,,64,282,65,326,,60,350,,,54,284,0,58,69
8/12/2018,Sunday,,86,245,100,260,,100,150,,,69,230,0,36,68
8/13/2018,Monday,,63,186,82,218,,60,200,,,61,191,0,26,75
8/14/2018,Tuesday,,54,191,66,162,,60,200,,,41,233,0,56,75
8/15/2018,Wednesday,Tip A Cop LY and this year,54,176,74,265,,65,260,,,111,246,25,65,73
8/16/2018,Thursday,,62,195,88,184,,65,200,,,59,170,0,12,71
8/17/2018,Friday,,75,293,69,270,,60,300,,,55,272,0,73,66
8/18/2018,Saturday,,64,282,57,221,,60,350,,,84,261,0,64,69
8/19/2018,Sunday,ly solar eclipse EVE,86,245,134,356,,100,150,,,82,188,4,13,72
8/20/2018,Monday,ly solar eclipse,63,186,162,307,,60,200,,,42,263,0,54,69
8/21/2018,Tuesday,,54,191,62,294,,60,200,,,83,229,23,41,77
8/22/2018,Wednesday,,54,176,65,249,,65,200,,,67,208,0,50,75
8/23/2018,Thursday,,62,195,60,295,,65,200,,,57,183,0,26,62
8/24/2018,Friday,,75,293,72,262,,60,300,,,82,210,2,44,63
8/25/2018,Saturday,,64,282,91,258,,60,350,,,77,279,0,73,61
8/26/2018,Sunday,,86,245,79,301,,100,150,,,86,260,8,84,65
8/27/2018,Monday,,63,186,60,269,,60,200,,,79,138,2,20,69
8/28/2018,Tuesday,,54,191,54,162,,60,200,,,55,160,6,13,71
8/29/2018,Wednesday,,54,176,59,193,,65,200,,,62,157,0,8,70
8/30/2018,Thursday,,62,195,67,287,,65,200,,,61,188,0,20,65
8/31/2018,Friday,,75,293,70,316,,60,300,,,78,250,25,65,70
9/1/2018,Saturday,(OSU Football Game LY),90,375,62,393,,60,265,949.65,4495.05,57,241,44,4,63
9/2/2018,Sunday,,107,280,116,294,,100,295,1321.37,4155.58,81,231,50,0,67
9/3/2018,Monday,Labor Day/ OSU Coaches Cater,58,200,63,234,,60,230,1169.32,4675.81,78,227,20,6,67
9/4/2018,Tuesday,,56,200,82,188,,60,170,835.35,2249.96,59,120,28,10,65
9/5/2018,Wednesday,,53,210,71,181,,60,170,766.55,3859.03,45,205,50,12,71
9/6/2018,Thursday,,70,250,42,177,,60,170,628.42,3230.87,36,178,13,0,70
9/7/2018,Friday,,80,300,56,266,,60,300,1351.01,4964.39,65,257,42,0,67
9/8/2018,Saturday,OSU Football Game- first of season CATERING AND SNACK PACKS,90,375,67,291,,70,350,2527.7,7978.93,76,527,44,14,68
9/9/2018,Sunday,,107,280,86,208,,85,200,1585.41,4809.91,106,273,68,9,64
9/10/2018,Monday,OSU Coaches Cater,58,200,24,164,,60,170,905.95,3766.56,36,175,24,0,67
9/11/2018,Tuesday,,56,200,43,216,,60,170,1070.52,3728.16,56,200,45,14,61
9/12/2018,Wednesday,,53,210,49,,,60,170,700.85,,55,151,19,0,61
9/13/2018,Thursday,,70,250,83,204,,60,170,626.91,4142.49,46,231,38,0,59
9/14/2018,Friday,,80,300,55,336,,60,330,1390.36,5498.24,77,290,37,0,59
9/15/2018,Saturday,OSU Football Away,90,375,48,395,,60,390,1741.36,7897.93,88,425,117,25,57
9/16/2018,Sunday,OSU Move in Weekend,107,280,199,384,,170,380,3566.77,6781.73,212,368,64,0,61
9/17/2018,Monday,Welcome Week/ OSU Coaches Cater,58,200,61,190,,60,170,687.3,4730.1,47,232,20,0,57
9/18/2018,Tuesday,Welcome Week,56,200,70,215,,60,180,724.36,4377.19,50,231,65,7,58
9/19/2018,Wednesday,Welcome Week,53,210,56,210,,60,180,661.61,4091.2,47,214,4,0,59
9/20/2018,Thursday,Welcome Week,70,250,61,199,,60,180,1058.51,4937.99,54,248,36,0,60
9/21/2018,Friday,Welcome Week,80,300,76,331,,60,330,3409.42,7101.73,73,367,206,4,62
9/22/2018,Saturday,Welcome Week/ OSU Football Home,90,375,112,448,,100,400,871.9,7955.45,265,440,108,0,66
9/23/2018,Sunday,Welcome Week,107,280,121,284,,120,280,1762.1,5965.49,110,345,72,3,57
9/24/2018,Monday,LEO/ OSU Coaches Cater,58,200,44,133,,60,160,1384.34,3168.33,49,186,23,5,58
9/25/2018,Tuesday,,56,200,54,186,,60,160,377.54,3286.24,32,189,25,0,65
9/26/2018,Wednesday,,53,210,23,182,,60,160,342.31,2501.45,31,138,12,0,65
9/27/2018,Thursday,,70,250,51,155,,60,160,443.24,3768.48,31,206,101,0,68
9/28/2018,Friday,,80,300,53,318,,60,300,1236.35,6281.73,92,331,182,18,67
9/29/2018,Saturday,OSU Football Away,90,375,100,448,,75,360,1684.03,6385.48,84,366,87,0,60
9/30/2018,Sunday,,107,280,168,265,,120,260,2064.31,5100.13,134,290,62,0,63
10/1/2018,Monday,OSU Coaches Drop Off Cater,55,199,48,155,,60,160,,,55,130,0,11,67
10/2/2018,Tuesday,,58,191,53,150,,60,160,,,41,172,0,18,66
10/3/2018,Wednesday,,70,194,78,169,,60,160,,,72,204,11,35,54
10/4/2018,Thursday,,55,194,69,232,,60,200,,,35,181,0,39,57
10/5/2018,Friday,,71,272,82,326,,75,320,,,74,393,10,85,50
10/6/2018,Saturday,OSU Football Home Game,70,339,106,375,,85,400,,,115,305,25,64,59
10/7/2018,Sunday,,102,263,151,240,,100,250,,,120,278,3,40,51
10/8/2018,Monday,OSU Coaches Drop Off Cater/ Colombus Day,55,199,22,136,,60,160,,,66,118,10,18,59
10/9/2018,Tuesday,,58,191,57,167,,60,160,,,49,163,,,62
10/10/2018,Wednesday,OSU PostGame (Individual Meals) Cater,70,194,41,153,,60,160,,,81,220,22,37,55
10/11/2018,Thursday,,55,194,52,219,,60,200,,,40,227,0,52,55
10/12/2018,Friday,,71,272,80,315,,75,320,,,128,312,115,64,56
10/13/2018,Saturday,,70,339,53,409,,85,375,,,93,426,25,130,58
10/14/2018,Sunday,,102,263,116,297,,100,250,,,125,281,0,80,55
10/15/2018,Monday,OSU Coaches Drop Off Cater,55,199,48,151,,60,160,,,59,130,8,9,57
10/16/2018,Tuesday,Reisha Groups LEO,58,191,76,171,,60,160,,,59,161,0,6,61
10/17/2018,Wednesday,,70,194,69,160,,60,160,,,214,134,10,12,60
10/18/2018,Thursday,,55,194,58,208,,60,200,,,30,183,7,27,57
10/19/2018,Friday,,71,272,97,348,,75,320,,,73,339,6,93,55
10/20/2018,Saturday,OSU Football Home Game/OSU Game Hospitality Cater,70,339,91,331,,85,420,,,277,423,3,85,57
10/21/2018,Sunday,,102,263,120,296,,100,250,,,138,228,14,17,54
10/22/2018,Monday,OSU Coaches Drop Off Cater/ Crescent Valley LEO,55,199,54,144,,60,160,,,49,196,3,25,54
10/23/2018,Tuesday,,58,191,33,170,,60,160,,,74,219,2,8,50
10/24/2018,Wednesday,,70,194,54,226,,60,160,,,56,201,2,31,57
10/25/2018,Thursday,,55,194,61,145,,60,200,,,62,188,11,32,55
10/26/2018,Friday,,71,272,68,367,,75,320,,,81,284,19,105,61
10/27/2018,Saturday,OSU Coaches Drop Off Dinner,70,339,100,407,,85,375,,,126,412,15,178,59
10/28/2018,Sunday,,102,263,169,255,,100,250,,,123,249,17,8,59
10/29/2018,Monday,OSU Coaches Drop Off Cater,55,199,46,158,,60,160,,,50,151,0,17,56
10/30/2018,Tuesday,Halloween Last Year,58,191,39,119,,60,160,,,43,151,0,33,52
10/31/2018,Wednesday,Halloween This Year,70,194,70,207,,35,120,,,51,128,0,23,55
11/1/2018,Thursday,,55,199,54,213,,60,200,$681.70,4924.23,52,267,0,67,61
11/2/2018,Friday,parents weekend OSU,58,191,75,418,,80,420,"$2,235.24",9415.59,151,459,180,125,59
11/3/2018,Saturday,"usc @osu TBD , Parent weeknd OSU",70,194,155,457,,160,460,"$4,696.96",10907.67,222,629,57,97,53
11/4/2018,Sunday,parents weekend OSU,55,194,142,222,,150,220,"$3,024.25",5217.26,176,284,14,10,59
11/5/2018,Monday,coaches dinner,71,272,67,122,,60,120,"$1,047.24",2113.5,31,99,0,16,54
11/6/2018,Tuesday,6pm OSU vs UC Riverside BBALL,70,339,87,131,,60,130,$602.32,3856.75,42,220,0,19,49
11/7/2018,Wednesday,,102,263,42,152,,50,150,$581.78,3318.97,45,168,0,4,45
11/8/2018,Thursday,,55,199,69,279,,70,280,$761.73,4177.8,52,226,8,64,47
11/9/2018,Friday,,58,191,102,399,,100,400,$978.36,5989.81,65,307,0,68,39
11/10/2018,Saturday,"ly veterans day, OSU 12pm BBALL vs wyomig",70,194,100,369,,100,400,1897.79,6687.33,105,338,6,117,44
11/11/2018,Sunday,veterans day,55,194,116,275,,120,275,"$1,675.35",5903.36,96,300,25,73,44
11/12/2018,Monday,coaches dinner,71,272,40,204,,50,165,"$1,308.56",3395.19,59,143,2,7,46
11/13/2018,Tuesday,,70,339,43,138,,50,150,$679.39,2376.16,49,123,4,10,40
11/14/2018,Wednesday,post cater OSU Football 150 snack pack,102,263,90,128,,50,150,$881.27,5019.16,75,319,26,30,43
11/15/2018,Thursday,,55,199,55,196,,60,200,"$1,334.94",2138.66,85,112,8,18,50
11/16/2018,Friday,ly osu dad weekend,58,191,51,480,,60,350,$557.98,6823.17,44,359,0,106,49
11/17/2018,Saturday,ly game 3:30 end,70,194,185,589,,120,400,"$2,079.09",7409.15,130,385,50,134,49
11/18/2018,Sunday,,55,194,214,206,,220,220,"$2,405.61",4521.65,138,235,17,46,44
11/19/2018,Monday,coaches dinner,71,272,66,178,,70,180,$951.31,3122.95,50,161,0,6,43
11/20/2018,Tuesday,,70,339,58,184,,60,180,$625.33,3668.19,50,209,5,34,40
11/21/2018,Wednesday,,102,263,82,187,,70,180,$819.02,5140.37,65,282,0,102,45
11/22/2018,Thursday,thanksgiving,55,199,0,0,,0,0,$0.00,0,0,0,2,4,50
11/23/2018,Friday,1pm UO vs OSU home cater 225 people,58,191,69,277,,70,450,"$4,806.80",9409.31,281,383,12,67,49
11/24/2018,Saturday,,70,194,39,184,,90,400,$111.85,6483.43,64,333,4,74,40
11/25/2018,Sunday,,55,194,103,189,,120,200,,4510.03,102,250,0,32,40
11/26/2018,Monday,,71,272,50,136,,50,140,$429.32,2463.18,26,136,,,50
11/27/2018,Tuesday,,70,339,39,184,,50,160,$715.64,3176.53,48,162,0,13,54
11/28/2018,Wednesday,,102,263,68,145,,60,160,$491.29,3155.03,37,155,0,21,51
11/29/2018,Thursday,,55,199,31,187,,60,160,$490.19,3479.2,38,200,0,15,48
11/30/2018,Friday,,58,191,77,430,,80,430,"$1,006.86",6614.37,67,340,13,133,46
12/1/2018,Saturday,"ly 6a championship game, 4pm OSU vs Missouri State BBALL",,,56,439,,50,400,,,110,445,13,178,43
12/2/2018,Sunday,,,,104,278,,100,275,,,124,339,14,33,44
12/3/2018,Monday,,,,53,149,,50,150,,,67,183,17,38,39
12/4/2018,Tuesday,,,,81,194,,50,160,,,55,131,0,16,40
12/5/2018,Wednesday,,,,42,168,,50,150,,,67,194,6,37,40
12/6/2018,Thursday,,,,73,230,,60,180,,,67,172,0,2,37
12/7/2018,Friday,,,,68,343,,70,325,,,154,358,48,107,33
12/8/2018,Saturday,,,,98,354,,100,350,,,84,362,40,116,40
12/9/2018,Sunday,12:30pm OSU vs STLOUS BBALL,,,107,230,,100,225,,,128,256,13,29,38
12/10/2018,Monday,,,,63,102,,50,150,,,45,135,0,19,46
12/11/2018,Tuesday,ly 36 to go orders FB,,,107,254,,60,150,,,52,106,0,8,47
12/12/2018,Wednesday,,,,56,150,,60,150,,,62,170,0,40,47
12/13/2018,Thursday,,,,85,151,,60,150,,,86,178,42,38,49
12/14/2018,Friday,,,,75,301,,75,300,,,77,260,22,62,44
12/15/2018,Saturday,8pm home game OSU vs texas AM BBALL,,,81,242,,75,250,,,84,254,0,74,44
12/16/2018,Sunday,,,,113,223,,100,225,,,96,222,12,77,48
12/17/2018,Monday,,,,64,146,,50,150,,,54,183,0,40,48
12/18/2018,Tuesday,7pm OSU Vs Pepperdine BBALL,,,80,143,,50,150,,,78,129,17,8,54
12/19/2018,Wednesday,,,,97,161,,50,150,,,92,180,4,63,51
12/20/2018,Thursday,,,,56,169,,50,150,,,66,226,23,41,52
12/21/2018,Friday,,,,95,222,,100,225,,,72,281,14,123,41
12/22/2018,Saturday,,,,91,242,,100,250,,,85,308,60,134,38
12/23/2018,Sunday,ly xmas eve closed,,,,,,75,180,,,69,257,26,99,50
12/24/2018,Monday,ly x mas closed,,,,,,0,0,,,0,0,2,0,47
12/25/2018,Tuesday,,,,66,159,,0,0,,,0,0,2,3,43
12/26/2018,Wednesday,,,,78,198,,75,180,,,99,228,13,58,42
12/27/2018,Thursday,,,,86,243,,75,180,,,72,200,6,19,42
12/28/2018,Friday,,,,95,347,,75,325,,,108,289,11,404,44
12/29/2018,Saturday,5pm OSU vs Ccentral CT BBALL,,,108,280,,100,275,,,102,324,18,32,49
12/30/2018,Sunday,,,,90,267,,90,250,,,106,247,0,35,46
12/31/2018,Monday,,,,130,127,,80,120,,,72,225,75,106,39
1/1/2019,Tuesday,,,,44,122,144,0,120,,,0,187,3,28,34
1/2/2019,Wednesday,,,,57,142,138,60,150,,,64,134,0,26,37
1/3/2019,Thursday,,,,86,173,205,60,150,,,77,206,0,42,49
1/4/2019,Friday,,,,70,289,328,75,250,,,79,284,0,105,46
1/5/2019,Saturday,,,,103,287,,80,290,,,83,294,0,89,44
1/6/2019,Sunday,,,,79,234,121,100,250,,,140,320,24,29,41
1/7/2019,Monday,,,,31,144,184,30,140,,,54,119,13,27,43
1/8/2019,Tuesday,,,,62,131,211,50,140,,,59,169,12,27,44
1/9/2019,Wednesday,,,,46,143,167,50,180,,,71,178,0,26,46
1/10/2019,Thursday,,,,72,197,212,70,450,,,71,481,5,43,51
1/11/2019,Friday,,,,92,374,362,80,350,,,71,338,14,75,44
1/12/2019,Saturday,,,,100,358,420,100,350,,,102,413,35,92,43
1/13/2019,Sunday,,,,88,281,320,70,280,,,93,321,8,61,41
1/14/2019,Monday,,,,81,209,253,50,160,,,42,123,0,12,39
1/15/2019,Tuesday,,,,54,171,138,50,160,,,54,170,5,12,38
1/16/2019,Wednesday,,,,46,154,159,50,170,,,57,202,9,16,38
1/17/2019,Thursday,,,,76,186,165,70,170,,,78,159,0,20,44
1/18/2019,Friday,,,,78,347,400,80,350,,,50,341,0,80,44
1/19/2019,Saturday,,,,96,331,447,100,330,,,119,408,15,129,51
1/20/2019,Sunday,,,,83,184,277,100,200,,,108,297,0,28,43
1/21/2019,Monday,,,,47,151,129,100,200,,,99,206,13,15,42
1/22/2019,Tuesday,,,,63,120,163,50,150,,,37,141,0,18,43
1/23/2019,Wednesday,,,,58,146,180,50,150,,,27,118,0,23,52
1/24/2019,Thursday,,,,45,187,209,50,160,,,69,263,17,7,44
1/25/2019,Friday,,,,56,342,390,100,350,,,96,364,18,72,44
1/26/2019,Saturday,,,,115,464,423,100,400,,,85,423,4,83,36
1/27/2019,Sunday,,,,104,260,272,120,250,,,154,267,10,16,39
1/28/2019,Monday,,,,43,166,194,50,160,,,66,157,7,5,47
1/29/2019,Tuesday,,,,46,150,185,50,176,,,54,176,17,9,44
1/30/2019,Wednesday,,,,52,168,185,50,160,,,48,165,0,17,42
1/31/2019,Thursday,,,,44,209,155,50,200,,,89,203,25,42,42
2/1/2019,Friday,,,,74,362,344,75,360,,,66,463,0,100,48
2/2/2019,Saturday,,,,105,395,394,100,380,,,190,460,0,74,46
2/3/2019,Sunday,LY SUPERBOWL. = SLOW,,,81,217,131,80,215,,,142,111,3,13,44
2/4/2019,Monday,,,,51,136,207,50,120,,,31,157,0,24,37
2/5/2019,Tuesday,,,,45,97,165,50,120,,,46,96,0,2,34
2/6/2019,Wednesday,,,,89,202,171,70,180,,,64,153,0,66,34
2/7/2019,Thursday,7pm OSU vs STANFORD BASKETBALLMENS,,,62,214,190,70,200,,,58,197,0,12,31
2/8/2019,Friday,,,,50,356,399,60,350,,,62,329,0,111,36
2/9/2019,Saturday,2:30 pm MENSBASKETBALL OSU VS CAL,,,131,328,485,115,320,,,78,301,0,79,38
2/10/2019,Sunday,,,,105,248,433,100,250,,,91,264,0,47,33
2/11/2019,Monday,LY LEO busy leo,,,62,237,221,50,160,,,48,104,0,11,42
2/12/2019,Tuesday,LY LEO busy leo,,,77,298,471,50,200,,,44,101,5,22,44
2/13/2019,Wednesday,LY VALENTIES DAY,,,111,497,232,50,200,,,127,204,25,31,43
2/14/2019,Thursday,ST. VALENTINE DAY,,,43,183,207,100,500,,,118,446,18,316,42
2/15/2019,Friday,,,,65,338,334,70,325,,,86,371,0,81,44
2/16/2019,Saturday,7:30 UO VS OSU BASKEBALLMENS,,,131,463,383,115,400,,,155,405,20,296,42
2/17/2019,Sunday,ly BASKETBALLall game 1pm,,,110,358,442,110,280,,,182,395,48,99,39
2/18/2019,Monday,PRESIDENTS DAY,,,83,204,161,80,200,,,71,273,13,65,37
2/19/2019,Tuesday,,,,33,143,126,30,140,,,49,158,34,21,41
2/20/2019,Wednesday,,,,60,199,144,60,200,,,57,224,0,46,43
2/21/2019,Thursday,ly osu softball basebball and girls bball,,,48,299,214,50,180,,,47,233,24,35,41
2/22/2019,Friday,ly osu baseball and softball,,,87,461,369,80,375,,,104,455,19,91,38
2/23/2019,Saturday,,,,103,490,368,100,400,,,106,474,6,180,41
2/24/2019,Sunday,,,,135,267,324,130,260,,,139,341,23,86,40
2/25/2019,Monday,,,,28,130,162,30,130,,,34,85,0,33,36
2/26/2019,Tuesday,,,,68,172,178,70,170,,,46,96,0,7,35
2/27/2019,Wednesday,,,,48,167,171,50,160,,,17,160,0,16,34
2/28/2019,Thursday,6pm ARIZONA vs OSU,,,56,179,236,50,175,,,46,266,0,40,35
3/1/2019,Friday,7 pm gymnastics / Baseball  5:35pm,,,94,334,410,100,340,839.72,6924.31,53,362,0,61,45
3/2/2019,Saturday,baseball 1:35pm,,,106,333,494,100,340,1190.81,8041.69,71,427,0,130,41
3/3/2019,Sunday,ly oscars / baseball 1:05 pm,,,122,249,286,120,250,2845.63,5309.75,167,288,24,26,39
3/4/2019,Monday,,,,50,142,143,50,140,623.59,2918.11,45,142,4,6,36
3/5/2019,Tuesday,,,,51,191,152,50,190,626.23,2922.26,42,145,,17,35
3/6/2019,Wednesday,,,,63,199,222,60,200,766.11,4249.31,48,234,6,63,35
3/7/2019,Thursday,,,,76,201,235,80,200,,4903.48,53,307,0,16,42
3/8/2019,Friday,,,,95,399,412,100,400,1976.91,6334.95,122,333,65,57,38
3/9/2019,Saturday,ly messy swim meet,,,90,491,375,100,500,1283.48,8491.48,79,441,8,110,43
3/10/2019,Sunday,,,,77,314,274,80,320,2649.71,4717.55,149,260,7,26,42
3/11/2019,Monday,"ly osu dead week, busy DEAD WEEK",,,45,180,143,50,180,811.64,2770.31,57,151,14,27,44
3/12/2019,Tuesday,DW 6pm CIVIL WAR BASEBALL,,,38,213,142,40,220,841.1,5345.37,44,299,0,44,46
3/13/2019,Wednesday,DW,,,38,167,186,40,170,1172.85,3143.62,84,146,0,38,47
3/14/2019,Thursday,DW,,,64,211,188,70,210,783.86,3824.52,53,201,0,9,45
3/15/2019,Friday,DW,,,49,337,342,50,340,1119.37,5.882.13,74,301,25,48,47
3/16/2019,Saturday,ly st paddys busy transition,,,58,411,432,60,410,2067.88,8530.42,112,458,0,79,48
3/17/2019,Sunday,,,,106,263,284,110,265,1487.82,5305.07,84,330,5,22,53
3/18/2019,Monday,FINALS WEEK,,,52,161,163,50,160,981.94,2485.39,73,132,,,58
3/19/2019,Tuesday,ly leo busy lunch  FINALS WEEK,,,88,197,182,90,200,582.42,2483.35,39,138,0,16,60
3/20/2019,Wednesday,FINALS WEEK,,,73,170,203,70,170,383.59,3605.79,34,189,0,13,59
3/21/2019,Thursday,FINALS WEEK,,,72,223,254,70,220,673.05,5282.26,53,284,0,51,48
3/22/2019,Friday,ly osu finals week SLOW FINALS WEEEK / 7 pmCAL VS OSU BASEBALL/ 5pm softball,,,54,292,330,50,300,1198.87,6143.09,85,387,2,81,45
3/23/2019,Saturday,SPRING BREAK/ 1:35 pm Cal vs osu baseball/ 2:30 softball,,,88,280,340,90,280,1806.23,8084,96,423,6,61,49
3/24/2019,Sunday,SOFTBALL/  BASEBALL  /,,,120,296,324,120,300,1609.8,5613.25,91,272,11,34,49
3/25/2019,Monday,SOFTBALL,,,61,168,155,60,170,884.21,3387.27,58,185,0,13,47
3/26/2019,Tuesday,SOFTBALL,,,73,169,199,70,170,888.79,3083.15,62,168,4,20,47
3/27/2019,Wednesday,ly spring break,,,67,277,188,70,280,1435.29,3137.72,123,157,50,34,49
3/28/2019,Thursday,,,,77,228,206,80,230,761.19,3794.9,65,212,0,48,52
3/29/2019,Friday,SOFTBALL,,,87,264,344,90,260,1544.58,4951.27,103,259,0,38,53
3/30/2019,Saturday,,,,76,281,308,80,300,2010.65,5619.62,120,294,0,76,53
3/31/2019,Sunday,SOFTBALL last day of busy? Move in day?,,,172,249,239,175,250,2054.37,4231.44,123,220,8,39,53
4/1/2019,Monday,,50,154,50,150,145,60,150,,,65,159,0,10,56
4/2/2019,Tuesday,BB 5:35/,63,152,50,160,274,60,150,,,78,184,0,11,57
4/3/2019,Wednesday,BB 5:35/,37,219,50,180,177,70,180,,,75,221,30,53,56
4/4/2019,Thursday,Regional gymnastics 3pm BUSY,39,213,70,230,203,70,230,,,58,265,0,72,54
4/5/2019,Friday,Regional gymnastics 2pm BUSY/ 5pm SOFTBALL/ 5:35  BB/ Regional 7pm gymnastics,80,351,100,390,385,100,390,,,137,413,41,42,52
4/6/2019,Saturday,1:35pm BB/ 6:00 SOFTBALL/ 7pm Regionals gymnastics,77,323,110,380,413,110,380,,,291,420,0,67,50
4/7/2019,Sunday,1pm SOFTBALL/ 1:05 BB,126,288,125,310,304,125,300,,,136,284,0,33,54
4/8/2019,Monday,,78,145,60,150,216,60,150,,,33,154,2,7,54
4/9/2019,Tuesday,BB civil war 5:30pm,45,192,60,190,228,60,180,,,61,129,20,10,53
4/10/2019,Wednesday,,58,183,60,180,204,60,180,,,53,182,0,19,51
4/11/2019,Thursday,,83,208,70,200,242,70,200,,,101,282,0,136,51
4/12/2019,Friday,,74,400,70,400,325,70,400,,,54,391,0,58,55
4/13/2019,Saturday,,72,412,90,400,331,90,400,,,189,481,19,112,47
4/14/2019,Sunday,,130,287,130,300,205,130,300,,,164,221,12,17,47
4/15/2019,Monday,,52,181,50,180,120,50,180,,,65,164,4,0,43
4/16/2019,Tuesday,,49,223,50,220,150,50,180,,,63,155,20,9,53
4/17/2019,Wednesday,,43,176,50,180,194,50,180,,,53,196,0,28,58
4/18/2019,Thursday,5:00pm SOFTBALL/ 7pm BB,73,221,60,220,261,60,220,,,68,264,40,13,62
4/19/2019,Friday,5pm SOFTBALL/ 7pm BB,57,425,60,420,367,60,420,,,76,346,0,87,57
4/20/2019,Saturday,FB spring game 11am/ 12pm SOFTBALL/ BB 7pm,102,359,110,400,448,90,400,,,93,307,14,84,57
4/21/2019,Sunday,,99,275,100,275,283,150,275,,,192,290,79,55,55
4/22/2019,Monday,,37,147,40,150,181,40,150,,,52,111,2,0,53
4/23/2019,Tuesday,,46,84,50,100,249,50,130,,,65,154,22,10,61
4/24/2019,Wednesday,,59,136,50,140,231,50,140,,,72,194,0,39,56
4/25/2019,Thursday,,44,235,50,230,212,50,230,,,67,160,,,58
4/26/2019,Friday,TRACK ALL DAY / BUSY,74,331,115,420,386,120,420,,,134,414,9,99,56
4/27/2019,Saturday,ly variious proms/ TRACK MEET ALL DAY/ 1:35pm BB,85,469,130,500,479,130,500,,,67,417,0,96,50
4/28/2019,Sunday,BB 1:05,146,242,150,300,297,150,300,,,83,337,4,24,49
4/29/2019,Monday,,51,175,50,175,166,45,150,,,43,188,0,63,52
4/30/2019,Tuesday,5:35 BB,75,153,60,150,167,50,150,,,114,178,55,6,54
5/1/2019,Wednesday,,,,66,140,163,40,140,,,92,184,8,0,52
5/2/2019,Thursday,,,,41,206,255,40,200,,,45,143,0,12,51
5/3/2019,Friday,osu moms weekend kick off/  5:35 BB,,,70,475,445,70,475,,,72,481,82,123,55
5/4/2019,Saturday,philomath and west albany prom,,,118,576,536,120,600,,,117,456,64,151,58
5/5/2019,Sunday,,,,87,371,301,100,400,,,90,287,2,46,61
5/6/2019,Monday,,,,34,170,117,30,170,,,21,144,0,26,63
5/7/2019,Tuesday,Adams Elementary LEO,,,65,179,194,60,180,,,72,171,21,35,61
5/8/2019,Wednesday,,,,49,215,224,50,215,,,77,172,0,14,60
5/9/2019,Thursday,5:00 SOFTBALL,,,57,281,215,60,275,,,77,254,0,149,69
5/10/2019,Friday,3:00  SOFTBALL,,,106,464,444,106,470,,,43,405,0,99,66
5/11/2019,Saturday,10:00 SOFTBALL,,,167,566,494,170,600,,,283,500,94,79,66
5/12/2019,Sunday,,,,282,458,501,300,475,,,260,517,64,87,60
5/13/2019,Monday,,,,42,266,184,40,210,,,73,144,,,56
5/14/2019,Tuesday,5:35 pm BB vs portland,,,39,212,138,40,210,,,71,224,0,24,56
5/15/2019,Wednesday,,,,50,207,181,50,210,,,55,148,,,
5/16/2019,Thursday,,,,57,50,325,50,220,,,49,267,,,
5/17/2019,Friday,,,,38,351,412,40,350,,,61,433,,,
5/18/2019,Saturday,CHS prom,,,107,418,378,110,420,,,107,376,0,35,
5/19/2019,Sunday,,,,130,239,294,130,240,,,107,293,,,
5/20/2019,Monday,,,,57,133,153,60,130,,,71,174,,,
5/21/2019,Tuesday,,,,58,174,192,60,175,,,53,160,24,0,
5/22/2019,Wednesday,,,,46,214,212,60,215,,,88,187,,,
5/23/2019,Thursday,6pm BB vs USC,,,66,237,243,70,240,,,75,292,0,24,
5/24/2019,Friday,6pm BB vs USC,,,74,335,311,75,335,,,88,285,,,
5/25/2019,Saturday,12pm vs USC,,,65,371,262,75,375,,,142,351,2,50,
5/26/2019,Sunday,,,,113,265,247,115,265,,,81,234,,,
5/27/2019,Monday,Memorial day,,,63,204,208,60,200,,,83,223,,,
5/28/2019,Tuesday,,,,57,178,189,60,180,,,50,116,,,
5/29/2019,Wednesday,,,,48,156,247,50,160,,,59,187,,,
5/30/2019,Thursday,,,,66,198,273,70,200,,,52,208,,,
5/31/2019,Friday,,,,74,354,393,75,354,,,86,234,,,
6/1/2019,Saturday,LY unexpected lunch conference / LY CHS CV PROM SLOW :(,,,144,329,463,90,330,,,78,383,,,
6/2/2019,Sunday,,,,119,287,253,120,290,,,134,220,,,
6/3/2019,Monday,,,,40,199,168,40,200,,,30,154,,,
6/4/2019,Tuesday,LEO adams elementary,,,49,233,192,40,220,,,25,250,,,
6/5/2019,Wednesday,,,,37,223,157,40,220,,,75,199,17,0,
6/6/2019,Thursday,,,,42,229,258,40,220,,,60,270,17,0,
6/7/2019,Friday,,,,83,382,347,80,380,,,106,393,0,13,
6/8/2019,Saturday,,,,86,365,439,90,380,,,72,378,0,14,
6/9/2019,Sunday,,,,118,308,267,120,310,,,115,303,,,
6/10/2019,Monday,,,,29,180,183,40,180,,,46,137,,,
6/11/2019,Tuesday,LEO safehaven,,,66,214,210,60,200,,,96,209,54,0,
6/12/2019,Wednesday,,,,85,202,279,70,200,,,90,243,,,
6/13/2019,Thursday,,,,71,349,336,70,350,,,68,238,,,
6/14/2019,Friday,,,,93,550,487,100,550,,,94,479,0,81,
6/15/2019,Saturday,graduation day,,,160,434,343,175,450,,,193,395,138,83,
6/16/2019,Sunday,fathers day,,,151,375,362,160,375,,,157,407,,,
6/17/2019,Monday,,,,70,210,210,70,210,,,58,173,,,
6/18/2019,Tuesday,,,,40,220,172,40,200,,,94,262,,,
6/19/2019,Wednesday,,,,53,136,209,50,180,,,89,185,,,
6/20/2019,Thursday,,,,50,189,280,50,180,,,46,212,,,60
6/21/2019,Friday,,,,74,252,258,75,250,,,58,369,0,27,63
6/22/2019,Saturday,,,,58,259,281,60,260,,,62,269,,,62
6/23/2019,Sunday,,,,66,331,253,70,330,,,102,196,,,64
6/24/2019,Monday,,,,63,146,202,60,150,,,72,190,,,63
6/25/2019,Tuesday,,,,44,173,230,50,170,,,38,197,,,56
6/26/2019,Wednesday,,,,40,154,181,50,170,,,111,143,,,61
6/27/2019,Thursday,,,,69,211,221,70,200,,,70,207,,,65
6/28/2019,Friday,,,,79,381,247,80,380,,,100,276,,,67
6/29/2019,Saturday,,,,69,294,330,70,300,,,74,381,,,
6/30/2019,Sunday,,,,75,219,300,75,220,,,80,205,,,
7/1/2019,Monday,ly random 35 + busy no reason              knights home game,,,56,258,215,60,180,,,54,185,,,65
7/2/2019,Tuesday,ly day before 4th of July                          knights home game,,,64,176,0,60,170,,,81,136,,,63
7/3/2019,Wednesday,ly 4th of July                                              knights home game,,,44,165,229,50,160,,,42,151,,,66
7/4/2019,Thursday,This Year 4th of July / Close @ 8:00,,,55,167,166,45,160,,,19,180,,,67
7/5/2019,Friday,,,,70,245,341,70,250,,,88,286,,,67
7/6/2019,Saturday,,,,44,272,353,50,280,,,84,252,,,63
7/7/2019,Sunday,,,,76,231,221,75,220,,,88,281,,,66
7/8/2019,Monday,25 top res for lunch.,,,77,186,200,75,180,,,60,187,,,68
7/9/2019,Tuesday,,,,55,187,196,50,180,,,57,199,,,70
7/10/2019,Wednesday,corvallis farmers market,,,52,220,222,50,190,,,82,180,,,72
7/11/2019,Thursday,knights home game,,,79,189,251,80,190,,,75,205,,,72
7/12/2019,Friday,knights home game,,,90,318,366,90,320,,,81,308,,,72
7/13/2019,Saturday,corvallis farmers market                            knights home game,,,49,307,300,50,300,,,169,284,,,68
7/14/2019,Sunday,knights home game,,,73,229,273,75,220,,,76,223,,,70
7/15/2019,Monday,,,,60,172,204,60,175,,,70,195,,,67
7/16/2019,Tuesday,,,,52,205,177,50,200,,,73,204,,,68
7/17/2019,Wednesday,corvallis farmers market,,,46,238,231,50,210,,,98,177,,,62
7/18/2019,Thursday,,,,60,218,212,60,220,,,68,241,,,68
7/19/2019,Friday,da vinci days                                                   knihgts home game,,,59,297,258,60,300,,,90,337,,,71
7/20/2019,Saturday,da vinci days     corvallis farmers market                            knights home game,,,102,305,348,100,300,,,230,262,,,70
7/21/2019,Sunday,da vinci days                                                   knihgts home game,,,115,274,294,115,275,,,103,316,,,66
7/22/2019,Monday,,,,54,143,205,50,140,,,59,153,,,66
7/23/2019,Tuesday,,,,70,182,194,60,180,,,48,192,,,72
7/24/2019,Wednesday,,,,77,185,229,70,180,,,49,194,,,74
7/25/2019,Thursday,knights home games,,,58,195,272,60,200,,,57,252,,,69
7/26/2019,Friday,,,,75,262,333,75,260,,,77,334,0,60,70
7/27/2019,Saturday,corvallis farmers market,,,62,255,350,60,250,,,78,276,,,69
7/28/2019,Sunday,,,,112,250,260,110,250,,,89,233,,,69
7/29/2019,Monday,ly summer camps for osu,,,38,218,183,40,220,,,70,231,,,70
7/30/2019,Tuesday,knights home game,,,69,201,211,70,200,,,53,150,,,
7/31/2019,Wednesday,corvallis farmers market,,,79,215,216,80,210,,,79,169,,,
8/1/2019,Thursday,knights home game,,,100,226,207,80,220,,,105,190,,,72
8/2/2019,Friday,,,,36,331,338,40,330,,,69,241,0,30,70
8/3/2019,Saturday,corvallis farmers market,,,49,314,na,50,300,,,87,310,,,76
8/4/2019,Sunday,,,,83,264,178,80,260,,,94,232,,,75
8/5/2019,Monday,,,,43,192,193,40,190,,,199,207,,,75
8/6/2019,Tuesday,,,,57,197,210,60,200,,,54,203,,,72
8/7/2019,Wednesday,corvallis farmers market,,,69,188,188,70,190,,,100,174,,,67
8/8/2019,Thursday,,,,77,208,260,80,210,,,50,211,,,66
8/9/2019,Friday,knights home game,,,71,331,259,70,330,,,60,308,,,69
8/10/2019,Saturday,corvallis farmers market/ knights home game,,,54,284,326,55,285,,,39,326,,,64
8/11/2019,Sunday,knights home game,,,66,233,260,70,235,,,133,254,,,68
8/12/2019,Monday,,,,58,194,218,60,200,,,47,162,,,68
8/13/2019,Tuesday,,,,41,233,162,40,230,,,82,233,,,73
8/14/2019,Wednesday,corvallis farmers market,,,111,246,265,80,240,,,74,178,,,73
8/15/2019,Thursday,LY COUNTRY MUSIC FEST. Same tis year!!!! MAYBE CANCLELLED? So proj are low….,,,59,170,184,60,170,,,52,217,,,70
8/16/2019,Friday,LY COUNTRY MUSIC FEST. Same tis year!!!!,,,55,272,270,55,270,,,56,319,,,68
8/17/2019,Saturday,"LY Country music fest, same this year!! Corvallis farmers market. ;rock n gem festival fairgrounds",,,84,261,221,85,260,,,94,322,,,67
8/18/2019,Sunday,LY COUNTRY MUSIC FEST. Same tis year!!!! Rock n gem festival fairgrounds…,,,80,190,356,80,190,,,140,252,,,71
8/19/2019,Monday,,,,40,265,307,40,250,,,53,131,,,68
8/20/2019,Tuesday,,,,83,229,294,83,229,,,53,163,,,70
8/21/2019,Wednesday,corvalils farmers market,,,66,209,249,66,210,,,71,198,,,63
8/22/2019,Thursday,,,,57,183,295,60,180,,,134,272,,,66
8/23/2019,Friday,,,,82,210,262,80,210,,,74,289,,,68
8/24/2019,Saturday,corvalils farmers market,,,70,286,258,70,290,,,41,421,,,67
8/25/2019,Sunday,,,,79,267,301,80,270,,,75,181,,,68
8/26/2019,Monday,,,,79,138,269,80,140,,,53,325,,,70
8/27/2019,Tuesday,,,,54,161,162,55,160,,,42,194,,,77
8/28/2019,Wednesday,corvallis farmers market,,,77,163,193,80,165,,,56,259,,,76
8/29/2019,Thursday,,,,56,193,287,60,195,,,52,318,,,74
8/30/2019,Friday,7:30 pm first home game FB vs oklahoma st. !!!!!!!!!!!,,,78,250,316,80,250,,,133,516,,,70
8/31/2019,Saturday,corvallis farmers market,,,57,241,393,60,240,,,49,266,,,70
9/1/2019,Sunday,womens soccer 2:30pm,,,81,232,294,80,230,1577.76,5056.56,91,240,9,23,
9/2/2019,Monday,labor day!!!!!,,,76,229,234,80,230,687.94,4034.31,59,209,0,16,
9/3/2019,Tuesday,first day of kindergarden,,,59,120,188,60,120,1018.5,3002.08,75,148,23,2,
9/4/2019,Wednesday,corvallis farmer market,,,45,204,181,45,200,695.31,3882.12,49,204,31,12,
9/5/2019,Thursday,womens soccer7:00,,,34,180,177,40,180,694.69,2644.52,52,137,6,29,
9/6/2019,Friday,,,,65,275,266,65,275,1425.59,5237.63,72,253,0,56,
9/7/2019,Saturday,ly football game….corvallis farmer market,,,72,331,291,70,330,1185.65,5899.45,64,308,14,164,
9/8/2019,Sunday,,,,99,280,208,100,280,1979.56,4831.34,120,230,10,53,
9/9/2019,Monday,,,,35,176,164,35,175,1414.69,4176.56,47,178,0,2,
9/10/2019,Tuesday,,,,52,204,216,50,200,1247.45,3065.75,92,165,34,16,
9/11/2019,Wednesday,corvallis farmer market,,,50,156,,50,160,794.89,3046.5,58,154,7,31,
9/12/2019,Thursday,,,,46,232,204,50,230,1051.9,3706.7,74,183,15,6,
9/13/2019,Friday,OSU MOVE IN WEEKEND.,,,76,291,336,80,300,949.99,6342.36,65,321,0,68,
9/14/2019,Saturday,"BUSY transition. Early servers, for move in./ corvallis farmer market. Home game 1:15 FB",,,81,432,395,80,430,3356.23,7586.54,84,368,2,137,
9/15/2019,Sunday,"move in day, super busy. Look at last year log for staffing info",,,204,376,384,200,375,1665.18,4329.01,103,229,0,43,
9/16/2019,Monday,,,,47,232,190,50,230,892.73,4102.16,60,215,0,44,
9/17/2019,Tuesday,,,,46,235,215,50,230,645.96,2855.9,48,149,7,4,
9/18/2019,Wednesday,corvallis farmer market,,,47,214,210,50,215,1063.13,4604.15,59,232,0,42,
9/19/2019,Thursday,,,,52,250,199,50,250,1731.14,3509.81,103,182,17,37,
9/20/2019,Friday,,,,70,370,331,70,370,1260.09,5929.11,90,296,0,60,
9/21/2019,Saturday,corvallis farmer market,,,110,446,448,110,450,1252.37,10340.63,67,552,0,180,
9/22/2019,Sunday,,,,110,345,284,110,345,3123,7310.37,158,381,9,82,
9/23/2019,Monday,,,,49,186,133,50,190,,,38,251,,,
9/24/2019,Tuesday,,,,32,189,186,32,190,,,77,196,,,
9/25/2019,Wednesday,corvallis farmer market,,,31,138,182,31,140,,,42,228,,,
9/26/2019,Thursday,,,,31,206,155,31,206,,,68,265,,,
9/27/2019,Friday,,,,90,335,318,90,335,,,51,317,,,
9/28/2019,Saturday,corvallis farmer market home game vs stanforod TBD,,,81,370,448,80,370,,,105,434,,,
9/29/2019,Sunday,"fall festival run, ALEX!!",,,132,293,265,130,300,,,192,309,,,
9/30/2019,Monday,,,,55,130,155,55,130,,,43,199,,,
10/1/2019,Tuesday,,,,41,172,150,40,170,,,35,131,,,
10/2/2019,Wednesday,,,,66,204,169,65,210,,,47,119,,,
10/3/2019,Thursday,,,,33,181,232,35,180,,,54,169,,,
10/4/2019,Friday,,,,72,393,326,70,395,,,60,369,,,
10/5/2019,Saturday,,,,113,305,375,110,300,,,68,350,,,
10/6/2019,Sunday,,,,117,278,240,120,280,,,124,240,,,
10/7/2019,Monday,,,,66,118,136,60,120,,,79,215,,,
10/8/2019,Tuesday,,,,,163,167,,,,,62,140,,,
10/9/2019,Wednesday,,,,,220,153,,,,,62,192,,,
10/10/2019,Thursday,,,,,227,219,,,,,55,144,,,
10/11/2019,Friday,,,,,312,315,,,,,69,324,,,
10/12/2019,Saturday,,,,,426,409,,,,,141,349,,,
10/13/2019,Sunday,,,,,281,297,,,,,139,264,,,
10/14/2019,Monday,,,,,130,151,,,,,49,258,,,
10/15/2019,Tuesday,,,,,161,171,,,,,48,162,,,
10/16/2019,Wednesday,,,,,134,160,,,,,66,159,,,
10/17/2019,Thursday,,,,,183,208,,,,,68,154,,,
10/18/2019,Friday,,,,,339,348,,,,,53,274,,,
10/19/2019,Saturday,,,,,423,331,,,,,81,324,,,
10/20/2019,Sunday,,,,,228,296,,,,,117,247,,,
10/21/2019,Monday,,,,,196,144,,,,,42,125,,,
10/22/2019,Tuesday,,,,,219,170,,,,,37,182,,,
10/23/2019,Wednesday,,,,,201,226,,,,,76,238,,,
10/24/2019,Thursday,,,,,188,145,,,,,83,211,,,
10/25/2019,Friday,,,,,284,367,,,,,81,288,,,
10/26/2019,Saturday,,,,,412,407,,,,,109,306,,,
10/27/2019,Sunday,,,,,249,255,,,,,113,301,,,
10/28/2019,Monday,,,,,151,158,,,,,65,288,,,
10/29/2019,Tuesday,,,,,151,119,,,,,58,159,,,
10/30/2019,Wednesday,,,,,128,207,,,,,70,258,,,
10/31/2019,Thursday,,,,,267,213,,,,,56,222,,,
11/1/2019,Friday,,,,,459,418,,,,,58,311,,,
11/2/2019,Saturday,,,,,629,457,,,,,123,393,,,
11/3/2019,Sunday,,,,,284,222,,,,,159,251,,,
11/4/2019,Monday,,,,,99,122,,,,,60,165,,,
11/5/2019,Tuesday,,,,,220,131,,,,,52,131,,,
11/6/2019,Wednesday,,,,,168,152,,,,,47,167,,,
11/7/2019,Thursday,,,,,226,279,,,,,72,217,,,
11/8/2019,Friday,,,,,307,399,,,,,104,396,,,
11/9/2019,Saturday,,,,,338,369,,,,,238,508,,,
11/10/2019,Sunday,,,,,300,275,,,,,120,311,,,
11/11/2019,Monday,,,,,143,204,,,,,115,210,,,
11/12/2019,Tuesday,,,,,123,138,,,,,66,95,,,
11/13/2019,Wednesday,,,,,319,128,,,,,49,169,,,
11/14/2019,Thursday,,,,,112,196,,,,,48,198,,,
11/15/2019,Friday,,,,,359,480,,,,,93,340,,,
11/16/2019,Saturday,,,,,385,589,,,,,113,348,,,
11/17/2019,Sunday,,,,,235,206,,,,,159,278,,,
11/18/2019,Monday,,,,,161,178,,,,,48,128,,,
11/19/2019,Tuesday,,,,,209,184,,,,,29,101,,,
11/20/2019,Wednesday,,,,,282,187,,,,,77,151,,,
11/21/2019,Thursday,,,,,0,0,,,,,65,144,,,
11/22/2019,Friday,,,,,383,277,,,,,58,339,,,
11/23/2019,Saturday,,,,,333,184,,,,,97,308,,,
11/24/2019,Sunday,,,,,250,189,,,,,122,205,,,
11/25/2019,Monday,,,,,136,136,,,,,34,177,,,
11/26/2019,Tuesday,,,,,162,184,,,,,49,159,,,
11/27/2019,Wednesday,,,,,155,145,,,,,52,183,,,
11/28/2019,Thursday,,,,,200,187,,,,,0,0,,,
11/29/2019,Friday,,,,,340,430,,,,,76,217,,,
11/30/2019,Saturday,,,,,445,439,,,,,63,179,,,
12/1/2019,Sunday,,,,,339,278,,,,,55,203,,,
12/2/2019,Monday,,,,,183,149,,,,,45,102,,,
12/3/2019,Tuesday,,,,,131,194,,,,,53,142,,,
12/4/2019,Wednesday,,,,,194,168,,,,,48,186,,,
12/5/2019,Thursday,,,,,172,230,,,,,61,179,,,
12/6/2019,Friday,,,,,358,343,,,,,87,379,,,
12/7/2019,Saturday,,,,,362,354,,,,,96,398,,,
12/8/2019,Sunday,,,,,256,230,,,,,108,393,,,
12/9/2019,Monday,,,,,135,102,,,,,69,199,,,
12/10/2019,Tuesday,,,,,106,254,,,,,67,152,,,
12/11/2019,Wednesday,,,,,170,150,,,,,83,215,,,
12/12/2019,Thursday,,,,,178,151,,,,,83,218,,,
12/13/2019,Friday,,,,,260,301,,,,,107,222,,,
12/14/2019,Saturday,,,,,254,242,,,,,82,373,,,
12/15/2019,Sunday,,,,,222,223,,,,,140,231,,,
12/16/2019,Monday,,,,,183,146,,,,,64,124,,,
12/17/2019,Tuesday,,,,,129,143,,,,,86,147,,,
12/18/2019,Wednesday,,,,,180,161,,,,,85,163,,,
12/19/2019,Thursday,,,,,226,169,,,,,114,160,,,
12/20/2019,Friday,,,,,281,222,,,,,131,222,,,
12/21/2019,Saturday,,,,,308,242,,,,,82,182,,,
12/22/2019,Sunday,,,,,257,159,,,,,65,170,,,
12/23/2019,Monday,,,,,180,198,,,,,61,266,,,
12/24/2019,Tuesday,,,,,0,0,,,,,0,0,,,
12/25/2019,Wednesday,,,,,0,0,,,,,0,0,,,
12/26/2019,Thursday,,,,,200,243,,,,,84,262,,,
12/27/2019,Friday,,,,,289,347,,,,,92,338,,,
12/28/2019,Saturday,,,,,324,280,,,,,66,281,,,
12/29/2019,Sunday,,,,,247,267,,,,,112,255,,,
12/30/2019,Monday,,,,,180,127,,,,,79,188,,,
12/31/2019,Tuesday,,,,,225,144,,,,,64,259,,,
